descriptor,bin_lower,bin_upper,bin_center,local_effect,n_experiments,ale_yield_points
current,0.06,0.11523906304241018,0.08761953152120508,14.349458378099868,19,1.130924657183721
current,0.11523906304241018,0.12452069624799476,0.11987987964520247,0.1639514215556114,6,1.2948760787393319
current,0.12452069624799476,0.1268447429271642,0.12568271958757948,-0.3609588363469574,6,0.9339172423923738
current,0.1268447429271642,0.13558011388783697,0.13121242840750058,0.008076997209262313,7,0.9419942396016356
current,0.13558011388783697,0.15269396687111564,0.1441370403794763,-1.886635127286155,6,-0.9446408876845194
current,0.15269396687111564,0.18,0.16634698343555782,-0.7338947774317504,2,-1.6785356651162697
current,0.18,0.216,0.198,0.0,17,-1.6785356651162697
applied_charge,7.5,8.5,8.0,10.463440544684852,17,-1.0529178219164503
applied_charge,8.5,9.141972655316627,8.820986327658314,1.2714386361240706,8,0.21852081420762026
applied_charge,9.141972655316627,9.291705356635585,9.216839005976105,0.2892692066596491,6,0.5077900208672688
applied_charge,9.291705356635585,9.5,9.395852678317793,-0.18118303402570746,32,0.3266069868415613
DMSO_equivalents,5.0,10.0,7.5,1.7489055058452205,16,-1.4772179035819386
DMSO_equivalents,10.0,15.0,12.5,-0.23435852679703545,5,-1.711576430378974
DMSO_equivalents,15.0,15.835020855179728,15.417510427589864,0.5025231794328169,17,-1.2090532509461571
DMSO_equivalents,15.835020855179728,20.0,17.917510427589864,5.606900835853227,25,4.39784758490707
nitro_concentration,0.0625,0.08125,0.071875,1.827189318510565,18,-1.8352210003814744
nitro_concentration,0.08125,0.09996932017985755,0.09060966008992877,-0.29763370037516423,7,-2.1328547007566385
nitro_concentration,0.1,0.10920222144840919,0.1046011107242046,3.45103682748933,19,1.318182126732692
nitro_concentration,0.10920222144840919,0.11981844126621564,0.11451033135731242,0.2045144089544261,6,1.5226965356871185
nitro_concentration,0.11981844126621564,0.13881658915490847,0.12931751521056206,-0.8800194749808815,6,0.6426770607062373
nitro_concentration,0.13881658915490847,0.15,0.14440829457745424,-0.15815708269417023,7,0.4845199780120675
