PC1,PC2,Yield
-0.822662848349521,-0.09132477848886679,67.0
-1.9576162973697975,-0.7843595106257588,52.0
-0.30125124186369234,-0.5433233123997913,68.1
-0.2998188275585309,-1.7688772389000644,67.0
-0.9089304094430087,1.6948589967339545,71.9
-0.8240952626546821,1.134229148011406,70.0
-0.29981882755853145,-1.7688772389000642,68.0
-0.5882773317792768,0.7327013832209479,72.0
-2.565295464949116,1.4538227985079883,63.0
-0.9074979951378483,0.46930507023368145,57.0
-0.6204719052222633,-0.8067196253870584,33.1
-1.0774203650961485,0.0031137705580676265,76.9
-2.042451444158126,-0.22372966190320917,27.0
-2.278269375033531,0.17779810288724862,14.4
-2.565295464949116,1.4538227985079883,64.0
-1.1433159260132537,0.870832835024139,66.9
-2.2768369607283714,-1.0477558236130244,19.0
-1.0774203650961485,0.0031137705580676265,76.9
0.833702207156586,0.14971141973709856,78.1
-1.9576162973697997,-0.7843595106257578,55.0
-0.5356367584339369,-1.3673494741096073,62.5
-1.0774203650961485,0.0031137705580676265,76.2
-0.5882773317792768,0.7327013832209479,73.0
0.833702207156586,0.14971141973709856,80.6
-0.5356367584339369,-1.3673494741096073,60.6
-2.042451444158126,-0.22372966190320917,23.0
-0.9089304094430084,1.694858996733954,70.0
-2.278269375033531,0.17779810288724862,15.6
-0.6204719052222633,-0.8067196253870584,30.6
-0.9074979951378483,0.46930507023368145,56.0
-0.30125124186369134,-0.5433233123997917,68.1
-1.1433159260132537,0.870832835024139,66.3
-1.0774203650961485,0.0031137705580676265,75.4
-0.8226628483495221,-0.09132477848886722,65.0
-0.8240952626546821,1.1342291480114057,69.4
-2.2768369607283714,-1.0477558236130244,19.0
2.6048873864579507,0.8209807235272708,87.36853812405768
1.622288117180516,0.03689827279880776,71.29412857542664
1.6741708074510617,3.6399591265693223,69.30236516460432
1.7816066911568618,0.15272593202316387,87.1909227966039
0.6914507075099161,-0.886301358319316,89.85167345115848
1.1455435273501762,-0.19246290866271257,82.87804079522276
1.9072666791587989,0.8814227107857698,85.16018039325638
0.5372054876628507,0.605024506568014,78.7608586335677
1.3245279938867864,2.13559911546538,69.38479343894396
2.282208428164699,-3.535635242236297,83.40679480065492
1.0215819794693046,-0.3057905200638597,89.24969501671166
1.4765534472519801,-0.6640274762663819,86.75874180233299
1.2877815823686618,-0.3996867523637748,88.23678293988687
0.9025358360230388,-0.47829629702564747,84.6362564335324
0.7635543983035021,-0.19579746600733278,84.98178009596906
2.203302497808818,0.34746827954117376,84.30371381995145
0.40899248976296665,-0.9192371788034573,78.19841753349992
1.0301508693237698,-0.14529548213399873,88.30058154844046
2.8250092118035326,2.13447062809857,85.2949174934071
1.4703633534664606,-0.45349710931557213,90.79374159538882
1.1903140342686018,-0.46341585617720266,87.87479066280882
1.4812498812515151,-0.4589749773083654,92.1991225806627
1.4865567198498808,-0.46892137004522916,88.56800376843107
1.4825943654827312,-0.4582346787155365,83.9380688959743
1.3793134847314459,-0.21596525498239327,87.1233344267445
1.4034331580959916,-0.31533452306214604,89.46082106884276
1.402690008219526,-0.309770583978693,85.25954868598808
