PLS1,PLS2,Yield
-0.11516039158547117,1.9817518857724459,67.0
-1.8141328777980084,0.5182768575413942,52.0
-0.4548777452816806,-0.33787458792019553,68.1
-0.3606961561888739,-0.02061676540409448,67.0
-0.7724967946568424,0.2007540413248992,71.9
-0.20934198067827786,1.664494063256345,70.0
-0.3606961561888739,-0.02061676540409448,68.0
0.09624094469183102,1.9453401590121586,72.0
-2.1317519271731697,1.0569054867864889,63.0
-0.6783152055640358,0.5180118638410003,57.0
-1.2294338955375472,-1.7652028830913538,33.1
-0.9828059898944674,0.23389497538684628,76.9
-2.3772876917765724,-0.9454631643900513,27.0
-2.6828706171466816,-1.226309260145865,14.4
-2.1317519271731697,1.0569054867864889,64.0
-0.9838981309341447,0.23716576808518652,66.9
-2.5886890280538752,-0.909051437629764,19.0
-0.9828059898944674,0.23389497538684628,76.9
1.2440947409308567,1.1256004403108562,78.1
-1.8141328777980084,0.5182768575413942,55.0
-0.6662790815589827,-0.3014628611599082,62.5
-0.9828059898944674,0.23389497538684628,76.2
0.09624094469183102,1.9453401590121586,73.0
1.2440947409308567,1.1256004403108562,80.6
-0.6662790815589827,-0.3014628611599082,60.6
-2.3772876917765724,-0.9454631643900513,23.0
-0.7724967946568424,0.2007540413248992,70.0
-2.6828706171466816,-1.226309260145865,15.6
-1.2294338955375472,-1.7652028830913538,30.6
-0.6783152055640358,0.5180118638410003,56.0
-0.4548777452816806,-0.33787458792019553,68.1
-0.9838981309341447,0.23716576808518652,66.3
-0.9828059898944674,0.23389497538684628,75.4
-0.11516039158547117,1.9817518857724459,65.0
-0.20934198067827786,1.664494063256345,69.4
-2.5886890280538752,-0.909051437629764,19.0
2.198126288357182,-1.0743592527601873,87.36853812405768
1.1945063934185398,-1.146375388981796,71.29412857542664
0.9572037740176961,-1.9307329682204675,69.30236516460432
1.5393210973067286,-0.7643245449952811,87.1909227966039
0.8139508147710898,0.42612895125059314,89.85167345115848
1.0812899353567365,-0.221524251895831,82.87804079522276
1.3592830364813013,-1.2460340681124265,85.16018039325638
0.6251519668521466,0.2410501052370303,78.7608586335677
1.5987420763688476,0.5964013921326242,69.38479343894396
1.5135598971298134,-1.738377733853875,83.40679480065492
1.0804316484558205,0.1672478493218039,89.24969501671166
1.3240895433486437,-0.39632027715391105,86.75874180233299
1.3741315930108189,0.26560718557332746,88.23678293988687
0.8879574413930507,-0.027297678398961262,84.6362564335324
0.8938481355243971,0.4097156232746425,84.98178009596906
2.2341945400552676,0.01927718007079508,84.30371381995145
0.6559767837971371,0.7907214690899272,78.19841753349992
1.0398182530326316,-0.004368420293160691,88.30058154844046
2.0383690798050274,-1.935904145788491,85.2949174934071
1.435433064192832,-0.07976233147710622,90.79374159538882
1.205843768636238,0.06078895503284716,87.87479066280882
1.4378548837264127,-0.10366998213082222,92.1991225806627
1.435081226111057,-0.125952132782239,88.56800376843107
1.438923949421186,-0.10455308673584197,83.9380688959743
1.3211868237839406,-0.18156010187854352,87.1233344267445
1.3489533928991126,-0.15701663717980943,89.46082106884276
1.3477862289471714,-0.15902482227130707,85.25954868598808
