descriptor,spearman_rho,p_value
DMSO_equivalents,0.7701504824142275,1.6019522295285727e-13
charge_concentration_product,0.6510798266617349,7.585918890651618e-09
nitro_concentration,0.5786156716815538,6.798970467190056e-07
applied_charge,0.4811947246681009,6.545902110915869e-05
DMSO_to_nitro_ratio,0.41347113290054077,0.0007566405790835795
SE_concentration,0.39682574847436014,0.0012821430178963844
current,0.2338005679584064,0.06515043342583969
volume,0.17331131866898772,0.17434503998940182
charge_per_current_proxy,-0.15582762917548307,0.22263858737085981
residence_time_proxy_min,0.1135768852082541,0.37545104852701294
flowrate,0.045833379794417525,0.7213210353998505
